Company,Emails
Nubit GmbH & Co KG,N/A
Halli Data GmbH,HALLINGER@HALLIDATA.AT
Winfo Data Computer Hard- u Software Handels- u Entwicklungs GmbH,OFFICE@WINFO.AT
EBA Informations-Management GmbH,OFFICE@EBA.AT
ACP IT Solutions GmbH,SALZBURG@ACP.AT
proffice document management gmbH,OFFICE@PROFFICE.CC
COUNT IT GmbH,OFFICE@COUNTIT.AT
HOPPELsoftware Ing. Martin Hoppel,OFFICE@HOPPEL.AT
Aptean Austria GmbH,SOFTWARE@RS-SOFT.COM
SBA engineering GmbH,OFFICE@SBA-ENGINEERING.AT
ib-data GmbH,ABKINFO@ABK.AT
AB Datenservice f Architekten u das Bauwesen GesmbH,ABKZENTRUM@ABK.AT
mea IT Services,OFFICE@MEA-IT.SERVICES
ABIS SoftwareentwicklungsgesmbH,GRAZ@ABIS-SOFTWARE.AT
MARKENFUNK GmbH,INFO@MARKENFUNK.COM
HEIT headway engineering information technology GmbH,OFFICE@HEIT.AT
EBCONT Zweigstelle Hard,OFFICE-HARD@EBCONT.COM
EBCONT Zweigstelle Linz,OFFICE-LINZ@EBCONT.COM
EBCONT Zentrale,OFFICE-WIEN@EBCONT.COM
LINKE automation systems GmbH,OFFICE@LINKE-A-S.EU
EBCONT Zweigstelle St. PÃ¶lten,OFFICE@EBCONT.COM
Wagenleithner Software e.u.,OFFICE@WAGENLEITHNER.NET
HUMANOMED IT SOLUTIONS GMBH,OFFICE@HUMANOMED-IT.AT
EBCONT Zweigstelle Neulengbach,OFFICE@EBCONT.COM
EBCONT Zweigstelle Graz,OFFICE-GRAZ@EBCONT.COM
EBCONT Zweigstelle Wien,OFFICE-WIENSUED@EBCONT.COM
EBCONT Zweigstelle Salzburg,OFFICE-SALZBURG@EBCONT.COM
EBCONT works GmbH,OFFICE@EBCONT.COM
EBCONT Zweigstelle Pinkafeld,OFFICE-PINKAFELD@EBCONT.COM
MByte Software Development GmbH,OFFICE@MBYTE.AT
